league_key,league_name,season,top5_avg,top10_avg,whole_avg,source_system,source_url,as_of_date,confidence,note
ALLSVENSKAN,Allsvenskan (Sweden),2022-23,79.5765,76.9461,74.6192,js_bundle_wayback,https://web.archive.org/web/20230810142522/https://dataviz.theanalyst.com/opta-power-rankings/bundle.js,2023-08-10,high,Extracted from Aug 10 2023 Wayback bundle.js (day before 2023-24 EPL start; reflects end of 2022-23 European season); n_clubs=16
ALLSVENSKAN,Allsvenskan (Sweden),2023-24,76.0191,73.7996,72.1369,js_bundle_wayback,https://web.archive.org/web/20240628010648/https://dataviz.theanalyst.com/opta-power-rankings/bundle.js,2024-06-27,high,Extracted from Jun 27 2024 Wayback bundle.js (end of 2023-24 European season); n_clubs=16
ALLSVENSKAN,Allsvenskan (Sweden),2024-25,80.7527,78.4523,76.0836,js_bundle_wayback,https://web.archive.org/web/20250701200002/https://dataviz.theanalyst.com/opta-power-rankings/index.js,2025-07,high,Extracted from July 2025 Wayback archived JS bundle (Fm embed); n_clubs=16
ARG_PD,Liga Profesional (Argentina),2022-23,79.5967,77.9496,54.419,js_bundle_wayback,https://web.archive.org/web/20230810142522/https://dataviz.theanalyst.com/opta-power-rankings/bundle.js,2023-08-10,high,Extracted from Aug 10 2023 Wayback bundle.js (day before 2023-24 EPL start; reflects end of 2022-23 European season); n_clubs=429
ARG_PD,Liga Profesional (Argentina),2023-24,78.9173,77.2925,50.674,js_bundle_wayback,https://web.archive.org/web/20240628010648/https://dataviz.theanalyst.com/opta-power-rankings/bundle.js,2024-06-27,high,Extracted from Jun 27 2024 Wayback bundle.js (end of 2023-24 European season); n_clubs=534
ARG_PD,Liga Profesional (Argentina),2024-25,83.2413,81.9662,53.9786,js_bundle_wayback,https://web.archive.org/web/20250701200002/https://dataviz.theanalyst.com/opta-power-rankings/index.js,2025-07,high,Extracted from July 2025 Wayback archived JS bundle (Fm embed); n_clubs=495
AUSTRIAN,Austrian Bundesliga,2022-23,81.6932,77.6595,76.4982,js_bundle_wayback,https://web.archive.org/web/20230810142522/https://dataviz.theanalyst.com/opta-power-rankings/bundle.js,2023-08-10,high,Extracted from Aug 10 2023 Wayback bundle.js (day before 2023-24 EPL start; reflects end of 2022-23 European season); n_clubs=12
AUSTRIAN,Austrian Bundesliga,2023-24,79.4216,75.5007,74.2498,js_bundle_wayback,https://web.archive.org/web/20240628010648/https://dataviz.theanalyst.com/opta-power-rankings/bundle.js,2024-06-27,high,Extracted from Jun 27 2024 Wayback bundle.js (end of 2023-24 European season); n_clubs=12
AUSTRIAN,Austrian Bundesliga,2024-25,80.427,77.0089,75.9058,js_bundle_wayback,https://web.archive.org/web/20250701200002/https://dataviz.theanalyst.com/opta-power-rankings/index.js,2025-07,high,Extracted from July 2025 Wayback archived JS bundle (Fm embed); n_clubs=12
BELGIAN,Belgian First Division A,2022-23,83.3859,80.3982,77.7745,js_bundle_wayback,https://web.archive.org/web/20230810142522/https://dataviz.theanalyst.com/opta-power-rankings/bundle.js,2023-08-10,high,Extracted from Aug 10 2023 Wayback bundle.js (day before 2023-24 EPL start; reflects end of 2022-23 European season); n_clubs=16
BELGIAN,Belgian First Division A,2023-24,84.3006,81.19,78.2144,js_bundle_wayback,https://web.archive.org/web/20240628010648/https://dataviz.theanalyst.com/opta-power-rankings/bundle.js,2024-06-27,high,Extracted from Jun 27 2024 Wayback bundle.js (end of 2023-24 European season); n_clubs=16
BELGIAN,Belgian First Division A,2024-25,86.4288,82.7685,80.529,js_bundle_wayback,https://web.archive.org/web/20250701200002/https://dataviz.theanalyst.com/opta-power-rankings/index.js,2025-07,high,Extracted from July 2025 Wayback archived JS bundle (Fm embed); n_clubs=16
BRASILEIRAO,Brasileirão Série A (Brazil),2022-23,81.5347,80.0156,64.8134,js_bundle_wayback,https://web.archive.org/web/20230810142522/https://dataviz.theanalyst.com/opta-power-rankings/bundle.js,2023-08-10,high,Extracted from Aug 10 2023 Wayback bundle.js (day before 2023-24 EPL start; reflects end of 2022-23 European season); n_clubs=137
BRASILEIRAO,Brasileirão Série A (Brazil),2023-24,81.9357,80.5256,64.6229,js_bundle_wayback,https://web.archive.org/web/20240628010648/https://dataviz.theanalyst.com/opta-power-rankings/bundle.js,2024-06-27,high,Extracted from Jun 27 2024 Wayback bundle.js (end of 2023-24 European season); n_clubs=151
BRASILEIRAO,Brasileirão Série A (Brazil),2024-25,83.5918,81.7409,63.2392,js_bundle_wayback,https://web.archive.org/web/20250701200002/https://dataviz.theanalyst.com/opta-power-rankings/index.js,2025-07,high,Extracted from July 2025 Wayback archived JS bundle (Fm embed); n_clubs=157
BULGARIAN,First League (Bulgaria),2022-23,75.4798,72.0959,48.532,js_bundle_wayback,https://web.archive.org/web/20230810142522/https://dataviz.theanalyst.com/opta-power-rankings/bundle.js,2023-08-10,high,Extracted from Aug 10 2023 Wayback bundle.js (day before 2023-24 EPL start; reflects end of 2022-23 European season); n_clubs=113
BULGARIAN,First League (Bulgaria),2023-24,73.4053,70.0153,44.019,js_bundle_wayback,https://web.archive.org/web/20240628010648/https://dataviz.theanalyst.com/opta-power-rankings/bundle.js,2024-06-27,high,Extracted from Jun 27 2024 Wayback bundle.js (end of 2023-24 European season); n_clubs=105
BULGARIAN,First League (Bulgaria),2024-25,76.2953,72.3647,52.4544,js_bundle_wayback,https://web.archive.org/web/20250701200002/https://dataviz.theanalyst.com/opta-power-rankings/index.js,2025-07,high,Extracted from July 2025 Wayback archived JS bundle (Fm embed); n_clubs=75
BUNDESLIGA,Bundesliga (Germany),2022-23,91.4429,88.5474,85.3913,js_bundle_wayback,https://web.archive.org/web/20230810142522/https://dataviz.theanalyst.com/opta-power-rankings/bundle.js,2023-08-10,high,Extracted from Aug 10 2023 Wayback bundle.js (day before 2023-24 EPL start; reflects end of 2022-23 European season); n_clubs=18
BUNDESLIGA,Bundesliga (Germany),2023-24,92.784,88.4992,85.1897,js_bundle_wayback,https://web.archive.org/web/20240628010648/https://dataviz.theanalyst.com/opta-power-rankings/bundle.js,2024-06-27,high,Extracted from Jun 27 2024 Wayback bundle.js (end of 2023-24 European season); n_clubs=18
BUNDESLIGA,Bundesliga (Germany),2024-25,91.7494,88.9931,85.949,js_bundle_wayback,https://web.archive.org/web/20250701200002/https://dataviz.theanalyst.com/opta-power-rankings/index.js,2025-07,high,Extracted from July 2025 Wayback archived JS bundle (Fm embed); n_clubs=18
CHAMPIONSHIP,EFL Championship (England),2022-23,79.5291,78.8835,77.3205,js_bundle_wayback,https://web.archive.org/web/20230810142522/https://dataviz.theanalyst.com/opta-power-rankings/bundle.js,2023-08-10,high,Extracted from Aug 10 2023 Wayback bundle.js (day before 2023-24 EPL start; reflects end of 2022-23 European season); n_clubs=22
CHAMPIONSHIP,EFL Championship (England),2023-24,77.8409,76.9434,75.1929,js_bundle_wayback,https://web.archive.org/web/20240628010648/https://dataviz.theanalyst.com/opta-power-rankings/bundle.js,2024-06-27,high,Extracted from Jun 27 2024 Wayback bundle.js (end of 2023-24 European season); n_clubs=22
CHAMPIONSHIP,EFL Championship (England),2024-25,85.7127,85.0499,83.7921,js_bundle_wayback,https://web.archive.org/web/20250701200002/https://dataviz.theanalyst.com/opta-power-rankings/index.js,2025-07,high,Extracted from July 2025 Wayback archived JS bundle (Fm embed); n_clubs=22
CHINESE,Chinese Super League,2022-23,70.4455,67.8801,65.2839,js_bundle_wayback,https://web.archive.org/web/20230810142522/https://dataviz.theanalyst.com/opta-power-rankings/bundle.js,2023-08-10,high,Extracted from Aug 10 2023 Wayback bundle.js (day before 2023-24 EPL start; reflects end of 2022-23 European season); n_clubs=16
CHINESE,Chinese Super League,2023-24,70.4065,67.0437,63.9314,js_bundle_wayback,https://web.archive.org/web/20240628010648/https://dataviz.theanalyst.com/opta-power-rankings/bundle.js,2024-06-27,high,Extracted from Jun 27 2024 Wayback bundle.js (end of 2023-24 European season); n_clubs=16
CHINESE,Chinese Super League,2024-25,73.9025,69.7601,66.8254,js_bundle_wayback,https://web.archive.org/web/20250701200002/https://dataviz.theanalyst.com/opta-power-rankings/index.js,2025-07,high,Extracted from July 2025 Wayback archived JS bundle (Fm embed); n_clubs=16
COLOMBIAN,Liga BetPlay (Colombia),2022-23,73.9789,72.7263,67.103,js_bundle_wayback,https://web.archive.org/web/20230810142522/https://dataviz.theanalyst.com/opta-power-rankings/bundle.js,2023-08-10,high,Extracted from Aug 10 2023 Wayback bundle.js (day before 2023-24 EPL start; reflects end of 2022-23 European season); n_clubs=37
COLOMBIAN,Liga BetPlay (Colombia),2023-24,74.7514,73.5526,66.1465,js_bundle_wayback,https://web.archive.org/web/20240628010648/https://dataviz.theanalyst.com/opta-power-rankings/bundle.js,2024-06-27,high,Extracted from Jun 27 2024 Wayback bundle.js (end of 2023-24 European season); n_clubs=37
COLOMBIAN,Liga BetPlay (Colombia),2024-25,78.6565,77.2907,70.0229,js_bundle_wayback,https://web.archive.org/web/20250701200002/https://dataviz.theanalyst.com/opta-power-rankings/index.js,2025-07,high,Extracted from July 2025 Wayback archived JS bundle (Fm embed); n_clubs=36
CROATIAN,Croatian HNL,2022-23,80.1879,76.7006,51.41,js_bundle_wayback,https://web.archive.org/web/20230810142522/https://dataviz.theanalyst.com/opta-power-rankings/bundle.js,2023-08-10,high,Extracted from Aug 10 2023 Wayback bundle.js (day before 2023-24 EPL start; reflects end of 2022-23 European season); n_clubs=122
CROATIAN,Croatian HNL,2023-24,78.6221,74.6282,45.9483,js_bundle_wayback,https://web.archive.org/web/20240628010648/https://dataviz.theanalyst.com/opta-power-rankings/bundle.js,2024-06-27,high,Extracted from Jun 27 2024 Wayback bundle.js (end of 2023-24 European season); n_clubs=114
CROATIAN,Croatian HNL,2024-25,80.1819,77.954,50.8152,js_bundle_wayback,https://web.archive.org/web/20250701200002/https://dataviz.theanalyst.com/opta-power-rankings/index.js,2025-07,high,Extracted from July 2025 Wayback archived JS bundle (Fm embed); n_clubs=101
CZECH,Czech Liga,2022-23,79.1987,76.002,48.6463,js_bundle_wayback,https://web.archive.org/web/20230810142522/https://dataviz.theanalyst.com/opta-power-rankings/bundle.js,2023-08-10,high,Extracted from Aug 10 2023 Wayback bundle.js (day before 2023-24 EPL start; reflects end of 2022-23 European season); n_clubs=188
CZECH,Czech Liga,2023-24,78.7259,74.6986,48.4103,js_bundle_wayback,https://web.archive.org/web/20240628010648/https://dataviz.theanalyst.com/opta-power-rankings/bundle.js,2024-06-27,high,Extracted from Jun 27 2024 Wayback bundle.js (end of 2023-24 European season); n_clubs=178
CZECH,Czech Liga,2024-25,82.3663,78.4344,53.5293,js_bundle_wayback,https://web.archive.org/web/20250701200002/https://dataviz.theanalyst.com/opta-power-rankings/index.js,2025-07,high,Extracted from July 2025 Wayback archived JS bundle (Fm embed); n_clubs=160
DANISH,Danish Superliga,2022-23,78.9565,76.7021,75.999,js_bundle_wayback,https://web.archive.org/web/20230810142522/https://dataviz.theanalyst.com/opta-power-rankings/bundle.js,2023-08-10,high,Extracted from Aug 10 2023 Wayback bundle.js (day before 2023-24 EPL start; reflects end of 2022-23 European season); n_clubs=12
DANISH,Danish Superliga,2023-24,80.7278,77.3214,76.4787,js_bundle_wayback,https://web.archive.org/web/20240628010648/https://dataviz.theanalyst.com/opta-power-rankings/bundle.js,2024-06-27,high,Extracted from Jun 27 2024 Wayback bundle.js (end of 2023-24 European season); n_clubs=12
DANISH,Danish Superliga,2024-25,81.4995,78.7204,77.8461,js_bundle_wayback,https://web.archive.org/web/20250701200002/https://dataviz.theanalyst.com/opta-power-rankings/index.js,2025-07,high,Extracted from July 2025 Wayback archived JS bundle (Fm embed); n_clubs=12
ECUADORIAN,Liga Pro (Ecuador),2022-23,75.6461,73.8869,60.7792,js_bundle_wayback,https://web.archive.org/web/20230810142522/https://dataviz.theanalyst.com/opta-power-rankings/bundle.js,2023-08-10,high,Extracted from Aug 10 2023 Wayback bundle.js (day before 2023-24 EPL start; reflects end of 2022-23 European season); n_clubs=90
ECUADORIAN,Liga Pro (Ecuador),2023-24,76.0535,73.3147,58.5785,js_bundle_wayback,https://web.archive.org/web/20240628010648/https://dataviz.theanalyst.com/opta-power-rankings/bundle.js,2024-06-27,high,Extracted from Jun 27 2024 Wayback bundle.js (end of 2023-24 European season); n_clubs=90
ECUADORIAN,Liga Pro (Ecuador),2024-25,78.7568,76.645,64.0346,js_bundle_wayback,https://web.archive.org/web/20250701200002/https://dataviz.theanalyst.com/opta-power-rankings/index.js,2025-07,high,Extracted from July 2025 Wayback archived JS bundle (Fm embed); n_clubs=90
EGYPTIAN,Egyptian Premier League,2022-23,73.9687,71.0998,61.9152,js_bundle_wayback,https://web.archive.org/web/20230810142522/https://dataviz.theanalyst.com/opta-power-rankings/bundle.js,2023-08-10,high,Extracted from Aug 10 2023 Wayback bundle.js (day before 2023-24 EPL start; reflects end of 2022-23 European season); n_clubs=66
EGYPTIAN,Egyptian Premier League,2023-24,74.5201,71.8668,63.7858,js_bundle_wayback,https://web.archive.org/web/20240628010648/https://dataviz.theanalyst.com/opta-power-rankings/bundle.js,2024-06-27,high,Extracted from Jun 27 2024 Wayback bundle.js (end of 2023-24 European season); n_clubs=49
EGYPTIAN,Egyptian Premier League,2024-25,78.8602,75.5535,68.452,js_bundle_wayback,https://web.archive.org/web/20250701200002/https://dataviz.theanalyst.com/opta-power-rankings/index.js,2025-07,high,Extracted from July 2025 Wayback archived JS bundle (Fm embed); n_clubs=39
EPL,Premier League (England),2022-23,94.1355,91.1877,87.2609,js_bundle_wayback,https://web.archive.org/web/20230810142522/https://dataviz.theanalyst.com/opta-power-rankings/bundle.js,2023-08-10,high,Extracted from Aug 10 2023 Wayback bundle.js (day before 2023-24 EPL start; reflects end of 2022-23 European season); n_clubs=20
EPL,Premier League (England),2023-24,93.4973,90.2808,86.5193,js_bundle_wayback,https://web.archive.org/web/20240628010648/https://dataviz.theanalyst.com/opta-power-rankings/bundle.js,2024-06-27,high,Extracted from Jun 27 2024 Wayback bundle.js (end of 2023-24 European season); n_clubs=20
EPL,Premier League (England),2024-25,97.7999,95.6264,92.2486,js_bundle_wayback,https://web.archive.org/web/20250701200002/https://dataviz.theanalyst.com/opta-power-rankings/index.js,2025-07,high,Extracted from July 2025 Wayback archived JS bundle (Fm embed); n_clubs=20
EREDIVISIE,Eredivisie (Netherlands),2022-23,86.1672,81.213,77.3221,js_bundle_wayback,https://web.archive.org/web/20230810142522/https://dataviz.theanalyst.com/opta-power-rankings/bundle.js,2023-08-10,high,Extracted from Aug 10 2023 Wayback bundle.js (day before 2023-24 EPL start; reflects end of 2022-23 European season); n_clubs=18
EREDIVISIE,Eredivisie (Netherlands),2023-24,83.7166,79.2244,75.1473,js_bundle_wayback,https://web.archive.org/web/20240628010648/https://dataviz.theanalyst.com/opta-power-rankings/bundle.js,2024-06-27,high,Extracted from Jun 27 2024 Wayback bundle.js (end of 2023-24 European season); n_clubs=18
EREDIVISIE,Eredivisie (Netherlands),2024-25,86.2485,82.5487,79.1076,js_bundle_wayback,https://web.archive.org/web/20250701200002/https://dataviz.theanalyst.com/opta-power-rankings/index.js,2025-07,high,Extracted from July 2025 Wayback archived JS bundle (Fm embed); n_clubs=18
FINNISH,Veikkausliiga (Finland),2022-23,71.7171,69.6741,68.7854,js_bundle_wayback,https://web.archive.org/web/20230810142522/https://dataviz.theanalyst.com/opta-power-rankings/bundle.js,2023-08-10,high,Extracted from Aug 10 2023 Wayback bundle.js (day before 2023-24 EPL start; reflects end of 2022-23 European season); n_clubs=12
FINNISH,Veikkausliiga (Finland),2023-24,69.1923,66.3036,65.2484,js_bundle_wayback,https://web.archive.org/web/20240628010648/https://dataviz.theanalyst.com/opta-power-rankings/bundle.js,2024-06-27,high,Extracted from Jun 27 2024 Wayback bundle.js (end of 2023-24 European season); n_clubs=12
FINNISH,Veikkausliiga (Finland),2024-25,71.2987,68.1841,67.1272,js_bundle_wayback,https://web.archive.org/web/20250701200002/https://dataviz.theanalyst.com/opta-power-rankings/index.js,2025-07,high,Extracted from July 2025 Wayback archived JS bundle (Fm embed); n_clubs=12
GREEK,Super League 1 (Greece),2022-23,75.1634,69.5043,66.8637,js_bundle_wayback,https://web.archive.org/web/20230810142522/https://dataviz.theanalyst.com/opta-power-rankings/bundle.js,2023-08-10,high,Extracted from Aug 10 2023 Wayback bundle.js (day before 2023-24 EPL start; reflects end of 2022-23 European season); n_clubs=14
GREEK,Super League 1 (Greece),2023-24,80.4642,73.8885,71.3169,js_bundle_wayback,https://web.archive.org/web/20240628010648/https://dataviz.theanalyst.com/opta-power-rankings/bundle.js,2024-06-27,high,Extracted from Jun 27 2024 Wayback bundle.js (end of 2023-24 European season); n_clubs=14
GREEK,Super League 1 (Greece),2024-25,81.7935,76.7695,74.2858,js_bundle_wayback,https://web.archive.org/web/20250701200002/https://dataviz.theanalyst.com/opta-power-rankings/index.js,2025-07,high,Extracted from July 2025 Wayback archived JS bundle (Fm embed); n_clubs=14
HUNGARIAN,NB I (Hungary),2022-23,76.0023,74.3424,73.7914,js_bundle_wayback,https://web.archive.org/web/20230810142522/https://dataviz.theanalyst.com/opta-power-rankings/bundle.js,2023-08-10,high,Extracted from Aug 10 2023 Wayback bundle.js (day before 2023-24 EPL start; reflects end of 2022-23 European season); n_clubs=12
HUNGARIAN,NB I (Hungary),2023-24,74.6458,72.5717,71.8803,js_bundle_wayback,https://web.archive.org/web/20240628010648/https://dataviz.theanalyst.com/opta-power-rankings/bundle.js,2024-06-27,high,Extracted from Jun 27 2024 Wayback bundle.js (end of 2023-24 European season); n_clubs=12
HUNGARIAN,NB I (Hungary),2024-25,78.1533,75.6897,75.117,js_bundle_wayback,https://web.archive.org/web/20250701200002/https://dataviz.theanalyst.com/opta-power-rankings/index.js,2025-07,high,Extracted from July 2025 Wayback archived JS bundle (Fm embed); n_clubs=12
IRANIAN,Persian Gulf Pro League,2022-23,76.3267,73.4617,65.899,js_bundle_wayback,https://web.archive.org/web/20230810142522/https://dataviz.theanalyst.com/opta-power-rankings/bundle.js,2023-08-10,high,Extracted from Aug 10 2023 Wayback bundle.js (day before 2023-24 EPL start; reflects end of 2022-23 European season); n_clubs=34
IRANIAN,Persian Gulf Pro League,2023-24,73.9204,70.7716,64.316,js_bundle_wayback,https://web.archive.org/web/20240628010648/https://dataviz.theanalyst.com/opta-power-rankings/bundle.js,2024-06-27,high,Extracted from Jun 27 2024 Wayback bundle.js (end of 2023-24 European season); n_clubs=34
IRANIAN,Persian Gulf Pro League,2024-25,75.9817,73.3038,66.8614,js_bundle_wayback,https://web.archive.org/web/20250701200002/https://dataviz.theanalyst.com/opta-power-rankings/index.js,2025-07,high,Extracted from July 2025 Wayback archived JS bundle (Fm embed); n_clubs=34
IRAQI,Iraqi League,2022-23,69.9053,67.628,64.8695,js_bundle_wayback,https://web.archive.org/web/20230810142522/https://dataviz.theanalyst.com/opta-power-rankings/bundle.js,2023-08-10,high,Extracted from Aug 10 2023 Wayback bundle.js (day before 2023-24 EPL start; reflects end of 2022-23 European season); n_clubs=20
IRAQI,Iraqi League,2023-24,71.5924,68.753,64.4957,js_bundle_wayback,https://web.archive.org/web/20240628010648/https://dataviz.theanalyst.com/opta-power-rankings/bundle.js,2024-06-27,high,Extracted from Jun 27 2024 Wayback bundle.js (end of 2023-24 European season); n_clubs=22
IRAQI,Iraqi League,2024-25,73.69,71.2007,67.5682,js_bundle_wayback,https://web.archive.org/web/20250701200002/https://dataviz.theanalyst.com/opta-power-rankings/index.js,2025-07,high,Extracted from July 2025 Wayback archived JS bundle (Fm embed); n_clubs=22
ISRAELI,Israeli Ligat Ha-Al,2022-23,78.8648,75.519,55.4027,js_bundle_wayback,https://web.archive.org/web/20230810142522/https://dataviz.theanalyst.com/opta-power-rankings/bundle.js,2023-08-10,high,Extracted from Aug 10 2023 Wayback bundle.js (day before 2023-24 EPL start; reflects end of 2022-23 European season); n_clubs=127
ISRAELI,Israeli Ligat Ha-Al,2023-24,76.9289,73.6265,52.8427,js_bundle_wayback,https://web.archive.org/web/20240628010648/https://dataviz.theanalyst.com/opta-power-rankings/bundle.js,2024-06-27,high,Extracted from Jun 27 2024 Wayback bundle.js (end of 2023-24 European season); n_clubs=126
ISRAELI,Israeli Ligat Ha-Al,2024-25,78.1867,74.8316,54.9991,js_bundle_wayback,https://web.archive.org/web/20250701200002/https://dataviz.theanalyst.com/opta-power-rankings/index.js,2025-07,high,Extracted from July 2025 Wayback archived JS bundle (Fm embed); n_clubs=122
JLEAGUE,J1 League (Japan),2022-23,74.8669,73.1582,70.9224,js_bundle_wayback,https://web.archive.org/web/20230810142522/https://dataviz.theanalyst.com/opta-power-rankings/bundle.js,2023-08-10,high,Extracted from Aug 10 2023 Wayback bundle.js (day before 2023-24 EPL start; reflects end of 2022-23 European season); n_clubs=18
JLEAGUE,J1 League (Japan),2023-24,76.4487,75.3337,73.0531,js_bundle_wayback,https://web.archive.org/web/20240628010648/https://dataviz.theanalyst.com/opta-power-rankings/bundle.js,2024-06-27,high,Extracted from Jun 27 2024 Wayback bundle.js (end of 2023-24 European season); n_clubs=20
JLEAGUE,J1 League (Japan),2024-25,80.5039,79.3589,77.4091,js_bundle_wayback,https://web.archive.org/web/20250701200002/https://dataviz.theanalyst.com/opta-power-rankings/index.js,2025-07,high,Extracted from July 2025 Wayback archived JS bundle (Fm embed); n_clubs=20
KAZAKH,Kazakhstani Premier League,2022-23,72.3736,69.7587,57.2642,js_bundle_wayback,https://web.archive.org/web/20230810142522/https://dataviz.theanalyst.com/opta-power-rankings/bundle.js,2023-08-10,high,Extracted from Aug 10 2023 Wayback bundle.js (day before 2023-24 EPL start; reflects end of 2022-23 European season); n_clubs=33
KAZAKH,Kazakhstani Premier League,2023-24,69.4616,67.1157,53.1255,js_bundle_wayback,https://web.archive.org/web/20240628010648/https://dataviz.theanalyst.com/opta-power-rankings/bundle.js,2024-06-27,high,Extracted from Jun 27 2024 Wayback bundle.js (end of 2023-24 European season); n_clubs=34
KAZAKH,Kazakhstani Premier League,2024-25,73.2265,70.2222,58.8217,js_bundle_wayback,https://web.archive.org/web/20250701200002/https://dataviz.theanalyst.com/opta-power-rankings/index.js,2025-07,high,Extracted from July 2025 Wayback archived JS bundle (Fm embed); n_clubs=31
KOREAN,K League 1,2022-23,74.543,72.4025,71.5427,js_bundle_wayback,https://web.archive.org/web/20230810142522/https://dataviz.theanalyst.com/opta-power-rankings/bundle.js,2023-08-10,high,Extracted from Aug 10 2023 Wayback bundle.js (day before 2023-24 EPL start; reflects end of 2022-23 European season); n_clubs=12
KOREAN,K League 1,2023-24,75.3766,73.8412,73.2446,js_bundle_wayback,https://web.archive.org/web/20240628010648/https://dataviz.theanalyst.com/opta-power-rankings/bundle.js,2024-06-27,high,Extracted from Jun 27 2024 Wayback bundle.js (end of 2023-24 European season); n_clubs=12
KOREAN,K League 1,2024-25,76.688,75.2993,74.5829,js_bundle_wayback,https://web.archive.org/web/20250701200002/https://dataviz.theanalyst.com/opta-power-rankings/index.js,2025-07,high,Extracted from July 2025 Wayback archived JS bundle (Fm embed); n_clubs=12
LA_LIGA,Primera División (Spain),2022-23,90.5153,87.4728,84.1542,js_bundle_wayback,https://web.archive.org/web/20230810142522/https://dataviz.theanalyst.com/opta-power-rankings/bundle.js,2023-08-10,high,Extracted from Aug 10 2023 Wayback bundle.js (day before 2023-24 EPL start; reflects end of 2022-23 European season); n_clubs=20
LA_LIGA,Primera División (Spain),2023-24,92.6914,89.3712,85.6034,js_bundle_wayback,https://web.archive.org/web/20240628010648/https://dataviz.theanalyst.com/opta-power-rankings/bundle.js,2024-06-27,high,Extracted from Jun 27 2024 Wayback bundle.js (end of 2023-24 European season); n_clubs=20
LA_LIGA,Primera División (Spain),2024-25,93.2422,89.7235,86.0733,js_bundle_wayback,https://web.archive.org/web/20250701200002/https://dataviz.theanalyst.com/opta-power-rankings/index.js,2025-07,high,Extracted from July 2025 Wayback archived JS bundle (Fm embed); n_clubs=20
LIGA_MX,Liga MX (Mexico),2022-23,79.71,77.6238,75.0775,js_bundle_wayback,https://web.archive.org/web/20230810142522/https://dataviz.theanalyst.com/opta-power-rankings/bundle.js,2023-08-10,high,Extracted from Aug 10 2023 Wayback bundle.js (day before 2023-24 EPL start; reflects end of 2022-23 European season); n_clubs=18
LIGA_MX,Liga MX (Mexico),2023-24,81.5016,79.249,76.1169,js_bundle_wayback,https://web.archive.org/web/20240628010648/https://dataviz.theanalyst.com/opta-power-rankings/bundle.js,2024-06-27,high,Extracted from Jun 27 2024 Wayback bundle.js (end of 2023-24 European season); n_clubs=18
LIGA_MX,Liga MX (Mexico),2024-25,84.0966,81.3511,78.2393,js_bundle_wayback,https://web.archive.org/web/20250701200002/https://dataviz.theanalyst.com/opta-power-rankings/index.js,2025-07,high,Extracted from July 2025 Wayback archived JS bundle (Fm embed); n_clubs=18
LIGUE_1,Ligue 1 (France),2022-23,87.0032,84.7995,81.757,js_bundle_wayback,https://web.archive.org/web/20230810142522/https://dataviz.theanalyst.com/opta-power-rankings/bundle.js,2023-08-10,high,Extracted from Aug 10 2023 Wayback bundle.js (day before 2023-24 EPL start; reflects end of 2022-23 European season); n_clubs=18
LIGUE_1,Ligue 1 (France),2023-24,88.6447,86.9613,83.6421,js_bundle_wayback,https://web.archive.org/web/20240628010648/https://dataviz.theanalyst.com/opta-power-rankings/bundle.js,2024-06-27,high,Extracted from Jun 27 2024 Wayback bundle.js (end of 2023-24 European season); n_clubs=18
LIGUE_1,Ligue 1 (France),2024-25,91.7804,89.1821,85.7622,js_bundle_wayback,https://web.archive.org/web/20250701200002/https://dataviz.theanalyst.com/opta-power-rankings/index.js,2025-07,high,Extracted from July 2025 Wayback archived JS bundle (Fm embed); n_clubs=18
MLS,MLS (USA/Canada),2022-23,77.5109,76.2889,73.7706,js_bundle_wayback,https://web.archive.org/web/20230810142522/https://dataviz.theanalyst.com/opta-power-rankings/bundle.js,2023-08-10,high,Extracted from Aug 10 2023 Wayback bundle.js (day before 2023-24 EPL start; reflects end of 2022-23 European season); n_clubs=26
MLS,MLS (USA/Canada),2023-24,79.415,77.9249,75.3732,js_bundle_wayback,https://web.archive.org/web/20240628010648/https://dataviz.theanalyst.com/opta-power-rankings/bundle.js,2024-06-27,high,Extracted from Jun 27 2024 Wayback bundle.js (end of 2023-24 European season); n_clubs=26
MLS,MLS (USA/Canada),2024-25,82.1008,81.2355,78.3566,js_bundle_wayback,https://web.archive.org/web/20250701200002/https://dataviz.theanalyst.com/opta-power-rankings/index.js,2025-07,high,Extracted from July 2025 Wayback archived JS bundle (Fm embed); n_clubs=27
MOROCCAN,Botola Pro (Morocco),2022-23,74.8154,72.222,66.4452,js_bundle_wayback,https://web.archive.org/web/20230810142522/https://dataviz.theanalyst.com/opta-power-rankings/bundle.js,2023-08-10,high,Extracted from Aug 10 2023 Wayback bundle.js (day before 2023-24 EPL start; reflects end of 2022-23 European season); n_clubs=32
MOROCCAN,Botola Pro (Morocco),2023-24,75.492,72.7564,65.9323,js_bundle_wayback,https://web.archive.org/web/20240628010648/https://dataviz.theanalyst.com/opta-power-rankings/bundle.js,2024-06-27,high,Extracted from Jun 27 2024 Wayback bundle.js (end of 2023-24 European season); n_clubs=32
MOROCCAN,Botola Pro (Morocco),2024-25,79.3521,76.4877,69.3899,js_bundle_wayback,https://web.archive.org/web/20250701200002/https://dataviz.theanalyst.com/opta-power-rankings/index.js,2025-07,high,Extracted from July 2025 Wayback archived JS bundle (Fm embed); n_clubs=32
NORWEGIAN,Eliteserien (Norway),2022-23,78.7689,76.1876,73.695,js_bundle_wayback,https://web.archive.org/web/20230810142522/https://dataviz.theanalyst.com/opta-power-rankings/bundle.js,2023-08-10,high,Extracted from Aug 10 2023 Wayback bundle.js (day before 2023-24 EPL start; reflects end of 2022-23 European season); n_clubs=16
NORWEGIAN,Eliteserien (Norway),2023-24,77.4849,74.8018,72.8938,js_bundle_wayback,https://web.archive.org/web/20240628010648/https://dataviz.theanalyst.com/opta-power-rankings/bundle.js,2024-06-27,high,Extracted from Jun 27 2024 Wayback bundle.js (end of 2023-24 European season); n_clubs=16
NORWEGIAN,Eliteserien (Norway),2024-25,80.1929,77.749,75.5543,js_bundle_wayback,https://web.archive.org/web/20250701200002/https://dataviz.theanalyst.com/opta-power-rankings/index.js,2025-07,high,Extracted from July 2025 Wayback archived JS bundle (Fm embed); n_clubs=16
POLISH,Ekstraklasa (Poland),2022-23,80.5397,77.4778,74.9942,js_bundle_wayback,https://web.archive.org/web/20230810142522/https://dataviz.theanalyst.com/opta-power-rankings/bundle.js,2023-08-10,high,Extracted from Aug 10 2023 Wayback bundle.js (day before 2023-24 EPL start; reflects end of 2022-23 European season); n_clubs=18
POLISH,Ekstraklasa (Poland),2023-24,76.6661,75.3685,73.6119,js_bundle_wayback,https://web.archive.org/web/20240628010648/https://dataviz.theanalyst.com/opta-power-rankings/bundle.js,2024-06-27,high,Extracted from Jun 27 2024 Wayback bundle.js (end of 2023-24 European season); n_clubs=18
POLISH,Ekstraklasa (Poland),2024-25,81.5512,79.4271,77.5643,js_bundle_wayback,https://web.archive.org/web/20250701200002/https://dataviz.theanalyst.com/opta-power-rankings/index.js,2025-07,high,Extracted from July 2025 Wayback archived JS bundle (Fm embed); n_clubs=18
PRIML,Primeira Liga (Portugal),2022-23,85.2674,79.743,76.0452,js_bundle_wayback,https://web.archive.org/web/20230810142522/https://dataviz.theanalyst.com/opta-power-rankings/bundle.js,2023-08-10,high,Extracted from Aug 10 2023 Wayback bundle.js (day before 2023-24 EPL start; reflects end of 2022-23 European season); n_clubs=18
PRIML,Primeira Liga (Portugal),2023-24,86.5236,81.3561,77.4145,js_bundle_wayback,https://web.archive.org/web/20240628010648/https://dataviz.theanalyst.com/opta-power-rankings/bundle.js,2024-06-27,high,Extracted from Jun 27 2024 Wayback bundle.js (end of 2023-24 European season); n_clubs=18
PRIML,Primeira Liga (Portugal),2024-25,87.9805,83.4865,79.8809,js_bundle_wayback,https://web.archive.org/web/20250701200002/https://dataviz.theanalyst.com/opta-power-rankings/index.js,2025-07,high,Extracted from July 2025 Wayback archived JS bundle (Fm embed); n_clubs=18
PSL,PSL (South Africa),2022-23,73.4567,70.8358,68.7822,js_bundle_wayback,https://web.archive.org/web/20230810142522/https://dataviz.theanalyst.com/opta-power-rankings/bundle.js,2023-08-10,high,Extracted from Aug 10 2023 Wayback bundle.js (day before 2023-24 EPL start; reflects end of 2022-23 European season); n_clubs=16
PSL,PSL (South Africa),2023-24,71.5937,69.344,67.6128,js_bundle_wayback,https://web.archive.org/web/20240628010648/https://dataviz.theanalyst.com/opta-power-rankings/bundle.js,2024-06-27,high,Extracted from Jun 27 2024 Wayback bundle.js (end of 2023-24 European season); n_clubs=16
PSL,PSL (South Africa),2024-25,75.6887,72.557,71.0269,js_bundle_wayback,https://web.archive.org/web/20250701200002/https://dataviz.theanalyst.com/opta-power-rankings/index.js,2025-07,high,Extracted from July 2025 Wayback archived JS bundle (Fm embed); n_clubs=16
QSL,Qatar Stars League,2022-23,69.3819,65.6457,64.4748,js_bundle_wayback,https://web.archive.org/web/20230810142522/https://dataviz.theanalyst.com/opta-power-rankings/bundle.js,2023-08-10,high,Extracted from Aug 10 2023 Wayback bundle.js (day before 2023-24 EPL start; reflects end of 2022-23 European season); n_clubs=12
QSL,Qatar Stars League,2023-24,65.978,62.73,61.4657,js_bundle_wayback,https://web.archive.org/web/20240628010648/https://dataviz.theanalyst.com/opta-power-rankings/bundle.js,2024-06-27,high,Extracted from Jun 27 2024 Wayback bundle.js (end of 2023-24 European season); n_clubs=12
QSL,Qatar Stars League,2024-25,70.692,67.3003,66.9074,js_bundle_wayback,https://web.archive.org/web/20250701200002/https://dataviz.theanalyst.com/opta-power-rankings/index.js,2025-07,high,Extracted from July 2025 Wayback archived JS bundle (Fm embed); n_clubs=11
ROMANIAN,Liga I (Romania),2022-23,78.795,76.1323,73.8621,js_bundle_wayback,https://web.archive.org/web/20230810142522/https://dataviz.theanalyst.com/opta-power-rankings/bundle.js,2023-08-10,high,Extracted from Aug 10 2023 Wayback bundle.js (day before 2023-24 EPL start; reflects end of 2022-23 European season); n_clubs=16
ROMANIAN,Liga I (Romania),2023-24,74.6717,72.5425,70.5194,js_bundle_wayback,https://web.archive.org/web/20240628010648/https://dataviz.theanalyst.com/opta-power-rankings/bundle.js,2024-06-27,high,Extracted from Jun 27 2024 Wayback bundle.js (end of 2023-24 European season); n_clubs=16
ROMANIAN,Liga I (Romania),2024-25,79.2056,76.5975,74.7649,js_bundle_wayback,https://web.archive.org/web/20250701200002/https://dataviz.theanalyst.com/opta-power-rankings/index.js,2025-07,high,Extracted from July 2025 Wayback archived JS bundle (Fm embed); n_clubs=16
RUSSIAN,Russian Premier League,2022-23,80.6454,78.0623,76.1294,js_bundle_wayback,https://web.archive.org/web/20230810142522/https://dataviz.theanalyst.com/opta-power-rankings/bundle.js,2023-08-10,high,Extracted from Aug 10 2023 Wayback bundle.js (day before 2023-24 EPL start; reflects end of 2022-23 European season); n_clubs=16
RUSSIAN,Russian Premier League,2023-24,79.2183,76.864,74.9728,js_bundle_wayback,https://web.archive.org/web/20240628010648/https://dataviz.theanalyst.com/opta-power-rankings/bundle.js,2024-06-27,high,Extracted from Jun 27 2024 Wayback bundle.js (end of 2023-24 European season); n_clubs=16
RUSSIAN,Russian Premier League,2024-25,81.7691,78.6388,76.1317,js_bundle_wayback,https://web.archive.org/web/20250701200002/https://dataviz.theanalyst.com/opta-power-rankings/index.js,2025-07,high,Extracted from July 2025 Wayback archived JS bundle (Fm embed); n_clubs=16
SCOTTISH,Scottish Premiership,2022-23,73.5872,69.4812,29.0489,js_bundle_wayback,https://web.archive.org/web/20230810142522/https://dataviz.theanalyst.com/opta-power-rankings/bundle.js,2023-08-10,high,Extracted from Aug 10 2023 Wayback bundle.js (day before 2023-24 EPL start; reflects end of 2022-23 European season); n_clubs=184
SCOTTISH,Scottish Premiership,2023-24,75.9947,71.7893,26.5719,js_bundle_wayback,https://web.archive.org/web/20240628010648/https://dataviz.theanalyst.com/opta-power-rankings/bundle.js,2024-06-27,high,Extracted from Jun 27 2024 Wayback bundle.js (end of 2023-24 European season); n_clubs=174
SCOTTISH,Scottish Premiership,2024-25,79.3733,75.7415,59.7773,js_bundle_wayback,https://web.archive.org/web/20250701200002/https://dataviz.theanalyst.com/opta-power-rankings/index.js,2025-07,high,Extracted from July 2025 Wayback archived JS bundle (Fm embed); n_clubs=44
SERBIAN,Super Liga (Serbia),2022-23,79.1252,73.6721,70.949,js_bundle_wayback,https://web.archive.org/web/20230810142522/https://dataviz.theanalyst.com/opta-power-rankings/bundle.js,2023-08-10,high,Extracted from Aug 10 2023 Wayback bundle.js (day before 2023-24 EPL start; reflects end of 2022-23 European season); n_clubs=16
SERBIAN,Super Liga (Serbia),2023-24,73.4978,68.9503,66.3271,js_bundle_wayback,https://web.archive.org/web/20240628010648/https://dataviz.theanalyst.com/opta-power-rankings/bundle.js,2024-06-27,high,Extracted from Jun 27 2024 Wayback bundle.js (end of 2023-24 European season); n_clubs=16
SERBIAN,Super Liga (Serbia),2024-25,74.5478,71.338,69.1861,js_bundle_wayback,https://web.archive.org/web/20250701200002/https://dataviz.theanalyst.com/opta-power-rankings/index.js,2025-07,high,Extracted from July 2025 Wayback archived JS bundle (Fm embed); n_clubs=16
SERIE_A,Serie A (Italy),2022-23,90.7238,88.01,83.9694,js_bundle_wayback,https://web.archive.org/web/20230810142522/https://dataviz.theanalyst.com/opta-power-rankings/bundle.js,2023-08-10,high,Extracted from Aug 10 2023 Wayback bundle.js (day before 2023-24 EPL start; reflects end of 2022-23 European season); n_clubs=19
SERIE_A,Serie A (Italy),2023-24,92.2867,90.2285,85.6442,js_bundle_wayback,https://web.archive.org/web/20240628010648/https://dataviz.theanalyst.com/opta-power-rankings/bundle.js,2024-06-27,high,Extracted from Jun 27 2024 Wayback bundle.js (end of 2023-24 European season); n_clubs=20
SERIE_A,Serie A (Italy),2024-25,92.5299,90.6332,86.4943,js_bundle_wayback,https://web.archive.org/web/20250701200002/https://dataviz.theanalyst.com/opta-power-rankings/index.js,2025-07,high,Extracted from July 2025 Wayback archived JS bundle (Fm embed); n_clubs=20
SPL,Saudi Pro League,2022-23,76.7727,72.5819,58.8094,js_bundle_wayback,https://web.archive.org/web/20230810142522/https://dataviz.theanalyst.com/opta-power-rankings/bundle.js,2023-08-10,high,Extracted from Aug 10 2023 Wayback bundle.js (day before 2023-24 EPL start; reflects end of 2022-23 European season); n_clubs=66
SPL,Saudi Pro League,2023-24,79.0882,75.4322,58.3851,js_bundle_wayback,https://web.archive.org/web/20240628010648/https://dataviz.theanalyst.com/opta-power-rankings/bundle.js,2024-06-27,high,Extracted from Jun 27 2024 Wayback bundle.js (end of 2023-24 European season); n_clubs=68
SPL,Saudi Pro League,2024-25,82.5928,78.7123,61.9124,js_bundle_wayback,https://web.archive.org/web/20250701200002/https://dataviz.theanalyst.com/opta-power-rankings/index.js,2025-07,high,Extracted from July 2025 Wayback archived JS bundle (Fm embed); n_clubs=68
SUPER_LIG,Süper Lig (Turkey),2022-23,77.0086,74.9793,73.3863,js_bundle_wayback,https://web.archive.org/web/20230810142522/https://dataviz.theanalyst.com/opta-power-rankings/bundle.js,2023-08-10,high,Extracted from Aug 10 2023 Wayback bundle.js (day before 2023-24 EPL start; reflects end of 2022-23 European season); n_clubs=13
SUPER_LIG,Süper Lig (Turkey),2023-24,81.1285,77.5047,74.4055,js_bundle_wayback,https://web.archive.org/web/20240628010648/https://dataviz.theanalyst.com/opta-power-rankings/bundle.js,2024-06-27,high,Extracted from Jun 27 2024 Wayback bundle.js (end of 2023-24 European season); n_clubs=20
SUPER_LIG,Süper Lig (Turkey),2024-25,82.0167,78.9165,75.9993,js_bundle_wayback,https://web.archive.org/web/20250701200002/https://dataviz.theanalyst.com/opta-power-rankings/index.js,2025-07,high,Extracted from July 2025 Wayback archived JS bundle (Fm embed); n_clubs=19
SWISS,Swiss Super League,2022-23,80.4255,78.3722,77.5414,js_bundle_wayback,https://web.archive.org/web/20230810142522/https://dataviz.theanalyst.com/opta-power-rankings/bundle.js,2023-08-10,high,Extracted from Aug 10 2023 Wayback bundle.js (day before 2023-24 EPL start; reflects end of 2022-23 European season); n_clubs=12
SWISS,Swiss Super League,2023-24,78.2679,75.839,75.2051,js_bundle_wayback,https://web.archive.org/web/20240628010648/https://dataviz.theanalyst.com/opta-power-rankings/bundle.js,2024-06-27,high,Extracted from Jun 27 2024 Wayback bundle.js (end of 2023-24 European season); n_clubs=12
SWISS,Swiss Super League,2024-25,78.6042,76.5019,75.9263,js_bundle_wayback,https://web.archive.org/web/20250701200002/https://dataviz.theanalyst.com/opta-power-rankings/index.js,2025-07,high,Extracted from July 2025 Wayback archived JS bundle (Fm embed); n_clubs=12
UAE_PRO,UAE Pro League,2022-23,71.1861,67.6957,55.3165,js_bundle_wayback,https://web.archive.org/web/20230810142522/https://dataviz.theanalyst.com/opta-power-rankings/bundle.js,2023-08-10,high,Extracted from Aug 10 2023 Wayback bundle.js (day before 2023-24 EPL start; reflects end of 2022-23 European season); n_clubs=31
UAE_PRO,UAE Pro League,2023-24,72.9816,69.3973,54.6177,js_bundle_wayback,https://web.archive.org/web/20240628010648/https://dataviz.theanalyst.com/opta-power-rankings/bundle.js,2024-06-27,high,Extracted from Jun 27 2024 Wayback bundle.js (end of 2023-24 European season); n_clubs=31
UAE_PRO,UAE Pro League,2024-25,76.625,73.0313,62.0638,js_bundle_wayback,https://web.archive.org/web/20250701200002/https://dataviz.theanalyst.com/opta-power-rankings/index.js,2025-07,high,Extracted from July 2025 Wayback archived JS bundle (Fm embed); n_clubs=29
URUGUAYAN,Liga AUF (Uruguay),2022-23,73.4114,71.359,55.0064,js_bundle_wayback,https://web.archive.org/web/20230810142522/https://dataviz.theanalyst.com/opta-power-rankings/bundle.js,2023-08-10,high,Extracted from Aug 10 2023 Wayback bundle.js (day before 2023-24 EPL start; reflects end of 2022-23 European season); n_clubs=54
URUGUAYAN,Liga AUF (Uruguay),2023-24,74.2111,71.7067,52.2076,js_bundle_wayback,https://web.archive.org/web/20240628010648/https://dataviz.theanalyst.com/opta-power-rankings/bundle.js,2024-06-27,high,Extracted from Jun 27 2024 Wayback bundle.js (end of 2023-24 European season); n_clubs=56
URUGUAYAN,Liga AUF (Uruguay),2024-25,76.8102,74.3483,56.8264,js_bundle_wayback,https://web.archive.org/web/20250701200002/https://dataviz.theanalyst.com/opta-power-rankings/index.js,2025-07,high,Extracted from July 2025 Wayback archived JS bundle (Fm embed); n_clubs=53
